{"cameraMode":{"drawMode":0,"name":"Shaded","section":"Shading Mode"},"sceneLighting":true,"audioPlay":false,"sceneViewState":{"m_AlwaysRefresh":false,"showFog":true,"showSkybox":true,"showFlares":true,"showImageEffects":true,"showParticleSystems":true,"showVisualEffectGraphs":true,"m_FxEnabled":true},"in2DMode":false,"pivot":{"x":1.9234199523925782,"y":-0.1279888153076172,"z":-1.9817700386047364},"rotation":{"x":-0.21259468793869019,"y":0.7848781943321228,"z":-0.44555336236953738,"w":-0.3745027184486389},"size":8.901079177856446,"orthographic":false}